MCQ1,MCQ2,final,final_linear
85,80,84,77.9121282584751
90,85,73,81.63199118834905
60,50,67,58.532860115041
90,60,78,77.73222371802717
95,95,90,86.13180761228736
90,60,75,77.73222371802717
60,60,49,60.09276710316974
55,40,59,54.03304369110268
95,65,77,81.45208664790113
65,70,68,64.59258352710808
65,75,74,65.37253702117243
45,50,52,49.71313180761228
85,70,90,76.35222127034635
60,65,54,60.872720597234114
55,45,60,54.81299718516705
65,60,40,63.03267653897932
